{
  "execPath": "C:/Users/alexander/.platformio/packages/toolchain-atmelavr/bin/avr-g++.exe",
  "gccDefaultCFlags": "-fsyntax-only -std=gnu11 -fno-fat-lto-objects -Os -Wall -ffunction-sections -fdata-sections -flto -mmcu=atmega32 -DF_CPU=16000000UL -DPLATFORMIO=30601",
  "gccDefaultCppFlags": "-fsyntax-only -fno-exceptions -fno-threadsafe-statics -fpermissive -std=gnu++11 -Os -Wall -ffunction-sections -fdata-sections -flto -mmcu=atmega32 -DF_CPU=16000000UL -DPLATFORMIO=30601",
  "gccErrorLimit": 15,
  "gccIncludePaths": "C:/Users/alexander/Documents/PlatformIO/Projects/Goldboard4/lib/goldboard,C:/Users/alexander/.platformio/packages/toolchain-atmelavr/avr/include,C:/Users/alexander/.platformio/packages/toolchain-atmelavr/lib/gcc/avr/4.9.2/include,C:/Users/alexander/.platformio/packages/toolchain-atmelavr/lib/gcc/avr/4.9.2/include-fixed,C:/Users/alexander/.platformio/packages/tool-unity",
  "gccSuppressWarnings": false
}
